CREATE TABLE MOVIE
(
  MOVIE_ID NUMBER(15),
  TITLE VARCHAR2(50) NOT NULL,
  GENDER VARCHAR2(30),
  RELEASE_DATE DATE,
  RUNNING_TIME NUMBER,
  BUDGET NUMBER,
  CONSTRAINT PK_MOVIE_ID PRIMARY KEY (MOVIE_ID)
);

CREATE TABLE PERSON
(
  PERS_ID NUMBER(5) NOT NULL,
  FIRSTNAME VARCHAR2(30) NOT NULL,
  LASTNAME VARCHAR2(30) NOT NULL,
  BIRTHDATE DATE,
  DEATH_DATE DATE,
  COUNTRY VARCHAR2(30),
  CONSTRAINT PK_PERSON PRIMARY KEY (PERS_ID)
);
  

CREATE TABLE DIRECTED_BY
(
  MOVIE_ID NUMBER(5) NOT NULL,
  PERS_ID NUMBER(5) NOT NULL,
  CONSTRAINT PK_DIRECTED_BY PRIMARY KEY (MOVIE_ID, PERS_ID)
);

CREATE TABLE STARRING
(
  PERS_ID NUMBER(5) NOT NULL,
  MOVIE_ID NUMBER(5) NOT NULL,
  CONSTRAINT PK_STARRING PRIMARY KEY (PERS_ID, MOVIE_ID)  
);


CREATE TABLE CINEMA
(
  CINE_ID NUMBER(5) NOT NULL,
  NAME VARCHAR2(30) NOT NULL,
  PHONE VARCHAR2(30) NOT NULL,
  COMPANY VARCHAR2(30) NOT NULL,
  CONSTRAINT PK_CINEMA PRIMARY KEY (CINE_ID)
);

CREATE TABLE MOVIE_THEATER
(
  MOV_THR_ID NUMBER(5) NOT NULL,
  CINE_ID NUMBER(5) NOT NULL,
  SCREEN_SIZE NUMBER(5),
  CAPACITY NUMBER(5) NOT NULL,
  CONSTRAINT PK_MOVIE_THEATER PRIMARY KEY (MOV_THR_ID,CINE_ID)
);


CREATE TABLE PLAY
(
  MOV_THR_ID NUMBER(5) NOT NULL,
  CINE_ID NUMBER(5) NOT NULL,
  MOVIE_ID NUMBER(5),
  START_DATE DATE,
  END_DATE DATE,
  -- TIMETABLE TIMESTAMP,
  CONSTRAINT PK_PLAY PRIMARY KEY (MOV_THR_ID,CINE_ID,MOVIE_ID, START_DATE)
);

CREATE TABLE REVIEW_AGGREGATOR
(
  REVIEW_AGGREGATOR_ID NUMBER(5) NOT NULL,
  NAME VARCHAR(30) NOT NULL,
  CONSTRAINT PK_REVIEW_AGGREGATOR PRIMARY KEY (REVIEW_AGGREGATOR_ID)
);

CREATE TABLE REVIEW
(
  MOVIE_ID NUMBER(5) NOT NULL,
  REVIEW_AGGREGATOR_ID NUMBER(5) NOT NULL,
  SCORE_PCT NUMBER(3),
  CRITIC_NUMBER NUMBER(5),
  CONSTRAINT PK_REVIEWS PRIMARY KEY (MOVIE_ID, REVIEW_AGGREGATOR_ID)
);

ALTER TABLE DIRECTED_BY
  ADD CONSTRAINT FK_MOVIE_DIRECTED_BY
      FOREIGN KEY (MOVIE_ID)
  REFERENCES MOVIE (MOVIE_ID) ;

ALTER TABLE DIRECTED_BY
  ADD CONSTRAINT FK_DIRECTED_BY_PERSON
      FOREIGN KEY (PERS_ID)
  REFERENCES PERSON (PERS_ID) ;


ALTER TABLE STARRING
  ADD CONSTRAINT FK_MOVIE_STARRING
      FOREIGN KEY (MOVIE_ID)
  REFERENCES MOVIE (MOVIE_ID) ;


ALTER TABLE STARRING
  ADD CONSTRAINT FK_STARRING_PERSON
      FOREIGN KEY (PERS_ID)
  REFERENCES PERSON (PERS_ID) ;

ALTER TABLE MOVIE_THEATER
  ADD CONSTRAINT FK_CINEMA_MOVIE_THEATER
      FOREIGN KEY (CINE_ID)
  REFERENCES CINEMA (CINE_ID) ;

ALTER TABLE PLAY
  ADD CONSTRAINT FK_CINE_THEATER_PLAY
      FOREIGN KEY (CINE_ID, MOV_THR_ID)
  REFERENCES MOVIE_THEATER (CINE_ID,MOV_THR_ID) ;

ALTER TABLE PLAY
  ADD CONSTRAINT FK_PLAY_MOVIE
      FOREIGN KEY (MOVIE_ID)
  REFERENCES MOVIE (MOVIE_ID) ;

ALTER TABLE REVIEW
  ADD CONSTRAINT FK_REVIEW_MOVIE
      FOREIGN KEY (MOVIE_ID)
  REFERENCES MOVIE (MOVIE_ID) ;

ALTER TABLE REVIEW
  ADD CONSTRAINT FK_REVIEW_REVIEW_AGGREGATOR
      FOREIGN KEY (REVIEW_AGGREGATOR_ID)
  REFERENCES REVIEW_AGGREGATOR (REVIEW_AGGREGATOR_ID) ;

-- MOVIES


INSERT INTO MOVIE (MOVIE_ID, TITLE, GENDER, RELEASE_DATE, RUNNING_TIME, BUDGET) VALUES (1,'Nikita','action thriller','21/02/1990',117,39000000);
INSERT INTO MOVIE (MOVIE_ID, TITLE, GENDER, RELEASE_DATE, RUNNING_TIME, BUDGET) VALUES (2,'The Fifth Element','science-fiction action','07/05/1997',126,90000000);
INSERT INTO MOVIE (MOVIE_ID, TITLE, GENDER, RELEASE_DATE, RUNNING_TIME, BUDGET) VALUES (3,'Maverick','western comedy','20/05/1994',127,75000000);
INSERT INTO MOVIE (MOVIE_ID, TITLE, GENDER, RELEASE_DATE, RUNNING_TIME, BUDGET) VALUES (4,'Space Cowboys','space drama','01/08/2000',130,60000000);
INSERT INTO MOVIE (MOVIE_ID, TITLE, GENDER, RELEASE_DATE, RUNNING_TIME, BUDGET) VALUES (5,'Where Eagles Dare','WWII action','04/12/1968',155,77000000);
INSERT INTO MOVIE (MOVIE_ID, TITLE, GENDER, RELEASE_DATE, RUNNING_TIME, BUDGET) VALUES (6,'Doctor Zhivago','epic romantic drama','22/12/1965',193,11000000);
INSERT INTO MOVIE (MOVIE_ID, TITLE, GENDER, RELEASE_DATE, RUNNING_TIME, BUDGET) VALUES (7,'Star Wars','epic space opera','25/05/1977',121,11000000);
INSERT INTO MOVIE (MOVIE_ID, TITLE, GENDER, RELEASE_DATE, RUNNING_TIME, BUDGET) VALUES (8,'The Empire Strikes Back','epic space opera','17/05/1980',124,18000000);
INSERT INTO MOVIE (MOVIE_ID, TITLE, GENDER, RELEASE_DATE, RUNNING_TIME, BUDGET) VALUES (9,'Return of the Jedi','epic space opera','25/05/1983',132,32500000);
INSERT INTO MOVIE (MOVIE_ID, TITLE, GENDER, RELEASE_DATE, RUNNING_TIME, BUDGET) VALUES (10,'A Fistful of Dollars',NULL,'01/09/1964',100,200000);
INSERT INTO MOVIE (MOVIE_ID, TITLE, GENDER, RELEASE_DATE, RUNNING_TIME, BUDGET) VALUES (11,'For a Few Dollars More',NULL,'30/12/1965',132,600000);
INSERT INTO MOVIE (MOVIE_ID, TITLE, GENDER, RELEASE_DATE, RUNNING_TIME, BUDGET) VALUES (12,'The Good, the Bad and the Ugly',NULL,'23/12/1967',177,1200000);
-- INSERT INTO MOVIE (MOVIE_ID, TITLE, GENDER, RELEASE_DATE, RUNNING_TIME, BUDGET) VALUES (,'','','',,);
-- INSERT INTO MOVIE (MOVIE_ID, TITLE, GENDER, RELEASE_DATE, RUNNING_TIME, BUDGET) VALUES (,'','','',,);
-- INSERT INTO MOVIE (MOVIE_ID, TITLE, GENDER, RELEASE_DATE, RUNNING_TIME, BUDGET) VALUES (,'','','',,);
-- INSERT INTO MOVIE (MOVIE_ID, TITLE, GENDER, RELEASE_DATE, RUNNING_TIME, BUDGET) VALUES (,'','','',,);
-- INSERT INTO MOVIE (MOVIE_ID, TITLE, GENDER, RELEASE_DATE, RUNNING_TIME, BUDGET) VALUES (,'','','',,);
-- INSERT INTO MOVIE (MOVIE_ID, TITLE, GENDER, RELEASE_DATE, RUNNING_TIME, BUDGET) VALUES (,'','','',,);


-- PERSON


INSERT INTO PERSON (PERS_ID, FIRSTNAME, LASTNAME, BIRTHDATE, DEATH_DATE, COUNTRY) VALUES (1,'Luc','Besson','18/03/1959',NULL,'France');
INSERT INTO PERSON (PERS_ID, FIRSTNAME, LASTNAME, BIRTHDATE, DEATH_DATE, COUNTRY) VALUES (2,'Anne','Parillaud','06/05/1960',NULL,'France');
INSERT INTO PERSON (PERS_ID, FIRSTNAME, LASTNAME, BIRTHDATE, DEATH_DATE, COUNTRY) VALUES (3,'Jean-Hugues','Anglade','29/07/1955',NULL,'France');
INSERT INTO PERSON (PERS_ID, FIRSTNAME, LASTNAME, BIRTHDATE, DEATH_DATE, COUNTRY) VALUES (4,'Tchéky','Karyo','04/10/1953',NULL,'France');
INSERT INTO PERSON (PERS_ID, FIRSTNAME, LASTNAME, BIRTHDATE, DEATH_DATE, COUNTRY) VALUES (5,'Jeanne','Moreau','23/01/1928','31/07/2017','France');
INSERT INTO PERSON (PERS_ID, FIRSTNAME, LASTNAME, BIRTHDATE, DEATH_DATE, COUNTRY) VALUES (6,'Bruce','Willis','19/03/1955',NULL,'USA');
INSERT INTO PERSON (PERS_ID, FIRSTNAME, LASTNAME, BIRTHDATE, DEATH_DATE, COUNTRY) VALUES (7,'Gary','Oldman','21/03/1958',NULL,'UK');
INSERT INTO PERSON (PERS_ID, FIRSTNAME, LASTNAME, BIRTHDATE, DEATH_DATE, COUNTRY) VALUES (8,'Milla','Jovovich','17/12/1995',NULL,'USA');
INSERT INTO PERSON (PERS_ID, FIRSTNAME, LASTNAME, BIRTHDATE, DEATH_DATE, COUNTRY) VALUES (9,'Richard','Donner','24/04/1930',NULL,'USA');
INSERT INTO PERSON (PERS_ID, FIRSTNAME, LASTNAME, BIRTHDATE, DEATH_DATE, COUNTRY) VALUES (10,'Mel','Gibson','03/01/1956',NULL,'USA');
INSERT INTO PERSON (PERS_ID, FIRSTNAME, LASTNAME, BIRTHDATE, DEATH_DATE, COUNTRY) VALUES (11,'Jodie','Foster','19/11/1962',NULL,'USA');
INSERT INTO PERSON (PERS_ID, FIRSTNAME, LASTNAME, BIRTHDATE, DEATH_DATE, COUNTRY) VALUES (12,'James','Garner','07/04/1928','19/07/2014','USA');
INSERT INTO PERSON (PERS_ID, FIRSTNAME, LASTNAME, BIRTHDATE, DEATH_DATE, COUNTRY) VALUES (13,'Graham','Greene','22/06/1952',NULL,'Canada');
INSERT INTO PERSON (PERS_ID, FIRSTNAME, LASTNAME, BIRTHDATE, DEATH_DATE, COUNTRY) VALUES (14,'James','Coburn','31/08/1928','18/11/2002','USA');
INSERT INTO PERSON (PERS_ID, FIRSTNAME, LASTNAME, BIRTHDATE, DEATH_DATE, COUNTRY) VALUES (15,'Clint','Eastwood','31/05/1930',NULL,'USA');
INSERT INTO PERSON (PERS_ID, FIRSTNAME, LASTNAME, BIRTHDATE, DEATH_DATE, COUNTRY) VALUES (16,'Tommy','Lee Jones','15/09/1946',NULL,'USA');
INSERT INTO PERSON (PERS_ID, FIRSTNAME, LASTNAME, BIRTHDATE, DEATH_DATE, COUNTRY) VALUES (17,'Donald','Sutherland','17/07/1935',NULL,'Canada');
INSERT INTO PERSON (PERS_ID, FIRSTNAME, LASTNAME, BIRTHDATE, DEATH_DATE, COUNTRY) VALUES (18,'Richard','Burton','10/11/1925','05/08/1984','Wales');
INSERT INTO PERSON (PERS_ID, FIRSTNAME, LASTNAME, BIRTHDATE, DEATH_DATE, COUNTRY) VALUES (19,'Mary','Ure','18/02/1933','03/04/1975','Scottland');
INSERT INTO PERSON (PERS_ID, FIRSTNAME, LASTNAME, BIRTHDATE, DEATH_DATE, COUNTRY) VALUES (20,'Ingrid','Pitt','21/11/1937','23/11/2010','UK');
INSERT INTO PERSON (PERS_ID, FIRSTNAME, LASTNAME, BIRTHDATE, DEATH_DATE, COUNTRY) VALUES (21,'Omar','Sharif','10/04/1932','10/07/2015','Egypt');
INSERT INTO PERSON (PERS_ID, FIRSTNAME, LASTNAME, BIRTHDATE, DEATH_DATE, COUNTRY) VALUES (22,'David','Lean','25/03/1908','16/04/1991','UK');
INSERT INTO PERSON (PERS_ID, FIRSTNAME, LASTNAME, BIRTHDATE, DEATH_DATE, COUNTRY) VALUES (23,'Alec','Guinness','02/04/1914','05/08/2000','UK');
INSERT INTO PERSON (PERS_ID, FIRSTNAME, LASTNAME, BIRTHDATE, DEATH_DATE, COUNTRY) VALUES (24,'Julie','Christie','14/04/1940',NULL,'UK');
INSERT INTO PERSON (PERS_ID, FIRSTNAME, LASTNAME, BIRTHDATE, DEATH_DATE, COUNTRY) VALUES (25,'Geraldine','Chaplin','31/07/1944',NULL,'USA');
INSERT INTO PERSON (PERS_ID, FIRSTNAME, LASTNAME, BIRTHDATE, DEATH_DATE, COUNTRY) VALUES (26,'Rod','Steiger','14/04/1925','09/07/2002','USA');
INSERT INTO PERSON (PERS_ID, FIRSTNAME, LASTNAME, BIRTHDATE, DEATH_DATE, COUNTRY) VALUES (27,'Mark','Hamill','25/09/1951',NULL,'USA');
INSERT INTO PERSON (PERS_ID, FIRSTNAME, LASTNAME, BIRTHDATE, DEATH_DATE, COUNTRY) VALUES (28,'Harrison','Ford','13/07/1942',NULL,'USA');
INSERT INTO PERSON (PERS_ID, FIRSTNAME, LASTNAME, BIRTHDATE, DEATH_DATE, COUNTRY) VALUES (29,'Carrie','Fisher','21/10/1956','27/12/2016','USA');
INSERT INTO PERSON (PERS_ID, FIRSTNAME, LASTNAME, BIRTHDATE, DEATH_DATE, COUNTRY) VALUES (30,'George','Lucas','14/05/1944',NULL,'USA');


-- DIRECTED_BY

INSERT INTO DIRECTED_BY (MOVIE_ID, PERS_ID) VALUES (1,1);
INSERT INTO DIRECTED_BY (MOVIE_ID, PERS_ID) VALUES (2,1);
INSERT INTO DIRECTED_BY (MOVIE_ID, PERS_ID) VALUES (3,9);
INSERT INTO DIRECTED_BY (MOVIE_ID, PERS_ID) VALUES (4,15);
INSERT INTO DIRECTED_BY (MOVIE_ID, PERS_ID) VALUES (5,15);
INSERT INTO DIRECTED_BY (MOVIE_ID, PERS_ID) VALUES (6,22);
INSERT INTO DIRECTED_BY (MOVIE_ID, PERS_ID) VALUES (7,30);
INSERT INTO DIRECTED_BY (MOVIE_ID, PERS_ID) VALUES (8,30);
INSERT INTO DIRECTED_BY (MOVIE_ID, PERS_ID) VALUES (9,30);
-- INSERT INTO DIRECTED_BY (MOVIE_ID, PERS_ID) VALUES (,);
-- INSERT INTO DIRECTED_BY (MOVIE_ID, PERS_ID) VALUES (,),


-- STARRING

-- INSERT INTO STARRING (PERS_ID, MOVIE_ID) VALUES (1,1);
INSERT INTO STARRING (PERS_ID, MOVIE_ID) VALUES (2,1);
INSERT INTO STARRING (PERS_ID, MOVIE_ID) VALUES (3,1);
INSERT INTO STARRING (PERS_ID, MOVIE_ID) VALUES (4,1);
INSERT INTO STARRING (PERS_ID, MOVIE_ID) VALUES (5,1);
INSERT INTO STARRING (PERS_ID, MOVIE_ID) VALUES (6,2);
INSERT INTO STARRING (PERS_ID, MOVIE_ID) VALUES (7,2);
INSERT INTO STARRING (PERS_ID, MOVIE_ID) VALUES (8,2);
INSERT INTO STARRING (PERS_ID, MOVIE_ID) VALUES (10,3);
INSERT INTO STARRING (PERS_ID, MOVIE_ID) VALUES (11,3);
INSERT INTO STARRING (PERS_ID, MOVIE_ID) VALUES (12,3);
INSERT INTO STARRING (PERS_ID, MOVIE_ID) VALUES (13,3);
INSERT INTO STARRING (PERS_ID, MOVIE_ID) VALUES (14,3);
INSERT INTO STARRING (PERS_ID, MOVIE_ID) VALUES (15,4);
INSERT INTO STARRING (PERS_ID, MOVIE_ID) VALUES (16,4);
INSERT INTO STARRING (PERS_ID, MOVIE_ID) VALUES (17,4);
INSERT INTO STARRING (PERS_ID, MOVIE_ID) VALUES (12,4);
INSERT INTO STARRING (PERS_ID, MOVIE_ID) VALUES (15,5);
INSERT INTO STARRING (PERS_ID, MOVIE_ID) VALUES (18,5);
INSERT INTO STARRING (PERS_ID, MOVIE_ID) VALUES (19,5);
INSERT INTO STARRING (PERS_ID, MOVIE_ID) VALUES (20,5);
INSERT INTO STARRING (PERS_ID, MOVIE_ID) VALUES (20,6);
INSERT INTO STARRING (PERS_ID, MOVIE_ID) VALUES (21,6);
-- INSERT INTO STARRING (PERS_ID, MOVIE_ID) VALUES (22,6);
INSERT INTO STARRING (PERS_ID, MOVIE_ID) VALUES (23,6);
INSERT INTO STARRING (PERS_ID, MOVIE_ID) VALUES (24,6);
INSERT INTO STARRING (PERS_ID, MOVIE_ID) VALUES (25,6);
INSERT INTO STARRING (PERS_ID, MOVIE_ID) VALUES (26,6);
INSERT INTO STARRING (PERS_ID, MOVIE_ID) VALUES (23,7);
INSERT INTO STARRING (PERS_ID, MOVIE_ID) VALUES (23,8);
INSERT INTO STARRING (PERS_ID, MOVIE_ID) VALUES (23,9);
INSERT INTO STARRING (PERS_ID, MOVIE_ID) VALUES (27,7);
INSERT INTO STARRING (PERS_ID, MOVIE_ID) VALUES (28,7);
INSERT INTO STARRING (PERS_ID, MOVIE_ID) VALUES (29,7);
INSERT INTO STARRING (PERS_ID, MOVIE_ID) VALUES (27,8);
INSERT INTO STARRING (PERS_ID, MOVIE_ID) VALUES (28,8);
INSERT INTO STARRING (PERS_ID, MOVIE_ID) VALUES (29,8);
INSERT INTO STARRING (PERS_ID, MOVIE_ID) VALUES (27,9);
INSERT INTO STARRING (PERS_ID, MOVIE_ID) VALUES (28,9);
INSERT INTO STARRING (PERS_ID, MOVIE_ID) VALUES (29,9);



-- CINEMA

INSERT INTO CINEMA (CINE_ID, NAME, PHONE, COMPANY) VALUES (1,'CINETOILE','01 75 34 56 39','MK2');
INSERT INTO CINEMA (CINE_ID, NAME, PHONE, COMPANY) VALUES (2,'DERNIERE SEANCE','01 75 46 58 49','GAUMONT');
INSERT INTO CINEMA (CINE_ID, NAME, PHONE, COMPANY) VALUES (3,'LE PROJO','01 93 24 56 78','INDEPENDANT');
INSERT INTO CINEMA (CINE_ID, NAME, PHONE, COMPANY) VALUES (4,'ORSAY CINEMA','01 35 47 89 30','INDEPENDANT');
INSERT INTO CINEMA (CINE_ID, NAME, PHONE, COMPANY) VALUES (5,'CITE DU CINEMA','01 34 25 60 49','PATHE');


-- MOVIE_THEATER

INSERT INTO MOVIE_THEATER (MOV_THR_ID, CINE_ID, SCREEN_SIZE, CAPACITY) VALUES (1,1,1,500);
INSERT INTO MOVIE_THEATER (MOV_THR_ID, CINE_ID, SCREEN_SIZE, CAPACITY) VALUES (2,1,2,500);
INSERT INTO MOVIE_THEATER (MOV_THR_ID, CINE_ID, SCREEN_SIZE, CAPACITY) VALUES (3,1,3,400);
INSERT INTO MOVIE_THEATER (MOV_THR_ID, CINE_ID, SCREEN_SIZE, CAPACITY) VALUES (1,2,1,400);
INSERT INTO MOVIE_THEATER (MOV_THR_ID, CINE_ID, SCREEN_SIZE, CAPACITY) VALUES (2,2,2,500);
INSERT INTO MOVIE_THEATER (MOV_THR_ID, CINE_ID, SCREEN_SIZE, CAPACITY) VALUES (3,2,2,200);
INSERT INTO MOVIE_THEATER (MOV_THR_ID, CINE_ID, SCREEN_SIZE, CAPACITY) VALUES (4,2,2,300);
INSERT INTO MOVIE_THEATER (MOV_THR_ID, CINE_ID, SCREEN_SIZE, CAPACITY) VALUES (1,3,1,200);
INSERT INTO MOVIE_THEATER (MOV_THR_ID, CINE_ID, SCREEN_SIZE, CAPACITY) VALUES (1,4,1,250);
INSERT INTO MOVIE_THEATER (MOV_THR_ID, CINE_ID, SCREEN_SIZE, CAPACITY) VALUES (1,5,1,300);
INSERT INTO MOVIE_THEATER (MOV_THR_ID, CINE_ID, SCREEN_SIZE, CAPACITY) VALUES (2,5,2,400);
INSERT INTO MOVIE_THEATER (MOV_THR_ID, CINE_ID, SCREEN_SIZE, CAPACITY) VALUES (3,5,2,500);
INSERT INTO MOVIE_THEATER (MOV_THR_ID, CINE_ID, SCREEN_SIZE, CAPACITY) VALUES (4,5,3,500);
INSERT INTO MOVIE_THEATER (MOV_THR_ID, CINE_ID, SCREEN_SIZE, CAPACITY) VALUES (5,5,3,600);


-- PLAY

INSERT INTO PLAY (MOV_THR_ID, CINE_ID, MOVIE_ID, START_DATE, END_DATE) VALUES (1,1,1,'06/12/2017','19/12/2017');
INSERT INTO PLAY (MOV_THR_ID, CINE_ID, MOVIE_ID, START_DATE, END_DATE) VALUES (1,2,2,'06/12/2017','26/12/2017');
INSERT INTO PLAY (MOV_THR_ID, CINE_ID, MOVIE_ID, START_DATE, END_DATE) VALUES (3,1,3,'13/12/2017','26/12/2017');
INSERT INTO PLAY (MOV_THR_ID, CINE_ID, MOVIE_ID, START_DATE, END_DATE) VALUES (1,2,4,'13/12/2017','02/01/2018');
INSERT INTO PLAY (MOV_THR_ID, CINE_ID, MOVIE_ID, START_DATE, END_DATE) VALUES (2,2,5,'20/12/2017','26/12/2017');
INSERT INTO PLAY (MOV_THR_ID, CINE_ID, MOVIE_ID, START_DATE, END_DATE) VALUES (1,3,6,'06/12/2017','12/12/2017');
INSERT INTO PLAY (MOV_THR_ID, CINE_ID, MOVIE_ID, START_DATE, END_DATE) VALUES (1,5,7,'06/12/2017','02/01/2018');
INSERT INTO PLAY (MOV_THR_ID, CINE_ID, MOVIE_ID, START_DATE, END_DATE) VALUES (2,5,8,'13/12/2017','19/12/2017');
INSERT INTO PLAY (MOV_THR_ID, CINE_ID, MOVIE_ID, START_DATE, END_DATE) VALUES (3,5,9,'27/12/2017','09/01/2018');
INSERT INTO PLAY (MOV_THR_ID, CINE_ID, MOVIE_ID, START_DATE, END_DATE) VALUES (1,4,1,'03/01/2018','09/01/2018');
INSERT INTO PLAY (MOV_THR_ID, CINE_ID, MOVIE_ID, START_DATE, END_DATE) VALUES (1,3,2,'10/01/2018','16/01/2018');
INSERT INTO PLAY (MOV_THR_ID, CINE_ID, MOVIE_ID, START_DATE, END_DATE) VALUES (2,2,3,'03/01/2018','16/01/2018');
INSERT INTO PLAY (MOV_THR_ID, CINE_ID, MOVIE_ID, START_DATE, END_DATE) VALUES (1,3,7,'06/12/2017','02/01/2018');

INSERT INTO PLAY (MOV_THR_ID, CINE_ID, MOVIE_ID, START_DATE, END_DATE) VALUES (1,1,2,'06/12/2017','19/12/2017');
INSERT INTO PLAY (MOV_THR_ID, CINE_ID, MOVIE_ID, START_DATE, END_DATE) VALUES (1,3,2,'31/01/2018','06/02/2018');
INSERT INTO PLAY (MOV_THR_ID, CINE_ID, MOVIE_ID, START_DATE, END_DATE) VALUES (1,4,2,'31/01/2018','06/02/2018');
INSERT INTO PLAY (MOV_THR_ID, CINE_ID, MOVIE_ID, START_DATE, END_DATE) VALUES (1,5,2,'31/01/2018','06/02/2018');

-- REVIEW_AGGREGATOR

INSERT INTO REVIEW_AGGREGATOR (REVIEW_AGGREGATOR_ID, NAME) VALUES (1,'Rotten Tomatoes');
INSERT INTO REVIEW_AGGREGATOR (REVIEW_AGGREGATOR_ID, NAME) VALUES (2,'Metacritic');


-- REVIEW

INSERT INTO REVIEW (MOVIE_ID, REVIEW_AGGREGATOR_ID, SCORE_PCT, CRITIC_NUMBER) VALUES (1,1,56,14);
INSERT INTO REVIEW (MOVIE_ID, REVIEW_AGGREGATOR_ID, SCORE_PCT, CRITIC_NUMBER) VALUES (1,2,88,46);
INSERT INTO REVIEW (MOVIE_ID, REVIEW_AGGREGATOR_ID, SCORE_PCT, CRITIC_NUMBER) VALUES (2,1,72,61);
INSERT INTO REVIEW (MOVIE_ID, REVIEW_AGGREGATOR_ID, SCORE_PCT, CRITIC_NUMBER) VALUES (2,2,52,22);
INSERT INTO REVIEW (MOVIE_ID, REVIEW_AGGREGATOR_ID, SCORE_PCT, CRITIC_NUMBER) VALUES (3,1,67,52);
INSERT INTO REVIEW (MOVIE_ID, REVIEW_AGGREGATOR_ID, SCORE_PCT, CRITIC_NUMBER) VALUES (4,1,78,119);
INSERT INTO REVIEW (MOVIE_ID, REVIEW_AGGREGATOR_ID, SCORE_PCT, CRITIC_NUMBER) VALUES (7,1,93,104);
INSERT INTO REVIEW (MOVIE_ID, REVIEW_AGGREGATOR_ID, SCORE_PCT, CRITIC_NUMBER) VALUES (7,2,92,14);
INSERT INTO REVIEW (MOVIE_ID, REVIEW_AGGREGATOR_ID, SCORE_PCT, CRITIC_NUMBER) VALUES (8,1,94,87);
INSERT INTO REVIEW (MOVIE_ID, REVIEW_AGGREGATOR_ID, SCORE_PCT, CRITIC_NUMBER) VALUES (9,1,80,84);
INSERT INTO REVIEW (MOVIE_ID, REVIEW_AGGREGATOR_ID, SCORE_PCT, CRITIC_NUMBER) VALUES (9,2,53,15);




